unit_id,prompt_rank,prompt_id,live_stratum,requested_vocal,policy_index,policy,rep,seed,nominal_step_budget,output_ledger
w2live_00_0_0,0,held_out_0238,instrumental_risk,0,0,no_probe_reseed,0,2035000000,60,live_ledgers/live_w{worker}.jsonl
w2live_00_0_1,0,held_out_0238,instrumental_risk,0,0,no_probe_reseed,1,2035000001,60,live_ledgers/live_w{worker}.jsonl
w2live_00_1_0,0,held_out_0238,instrumental_risk,0,1,corrected_probe_abort_reseed,0,2035000000,60,live_ledgers/live_w{worker}.jsonl
w2live_00_1_1,0,held_out_0238,instrumental_risk,0,1,corrected_probe_abort_reseed,1,2035000001,60,live_ledgers/live_w{worker}.jsonl
w2live_00_2_0,0,held_out_0238,instrumental_risk,0,2,always_direction_condition,0,2035000000,60,live_ledgers/live_w{worker}.jsonl
w2live_00_2_1,0,held_out_0238,instrumental_risk,0,2,always_direction_condition,1,2035000001,60,live_ledgers/live_w{worker}.jsonl
w2live_00_3_0,0,held_out_0238,instrumental_risk,0,3,corrected_probe_direction_action,0,2035000000,60,live_ledgers/live_w{worker}.jsonl
w2live_00_3_1,0,held_out_0238,instrumental_risk,0,3,corrected_probe_direction_action,1,2035000001,60,live_ledgers/live_w{worker}.jsonl
w2live_01_0_0,1,held_out_0094,instrumental_risk,0,0,no_probe_reseed,0,2035000100,60,live_ledgers/live_w{worker}.jsonl
w2live_01_0_1,1,held_out_0094,instrumental_risk,0,0,no_probe_reseed,1,2035000101,60,live_ledgers/live_w{worker}.jsonl
w2live_01_1_0,1,held_out_0094,instrumental_risk,0,1,corrected_probe_abort_reseed,0,2035000100,60,live_ledgers/live_w{worker}.jsonl
w2live_01_1_1,1,held_out_0094,instrumental_risk,0,1,corrected_probe_abort_reseed,1,2035000101,60,live_ledgers/live_w{worker}.jsonl
w2live_01_2_0,1,held_out_0094,instrumental_risk,0,2,always_direction_condition,0,2035000100,60,live_ledgers/live_w{worker}.jsonl
w2live_01_2_1,1,held_out_0094,instrumental_risk,0,2,always_direction_condition,1,2035000101,60,live_ledgers/live_w{worker}.jsonl
w2live_01_3_0,1,held_out_0094,instrumental_risk,0,3,corrected_probe_direction_action,0,2035000100,60,live_ledgers/live_w{worker}.jsonl
w2live_01_3_1,1,held_out_0094,instrumental_risk,0,3,corrected_probe_direction_action,1,2035000101,60,live_ledgers/live_w{worker}.jsonl
w2live_02_0_0,2,held_out_0117,instrumental_risk,0,0,no_probe_reseed,0,2035000200,60,live_ledgers/live_w{worker}.jsonl
w2live_02_0_1,2,held_out_0117,instrumental_risk,0,0,no_probe_reseed,1,2035000201,60,live_ledgers/live_w{worker}.jsonl
w2live_02_1_0,2,held_out_0117,instrumental_risk,0,1,corrected_probe_abort_reseed,0,2035000200,60,live_ledgers/live_w{worker}.jsonl
w2live_02_1_1,2,held_out_0117,instrumental_risk,0,1,corrected_probe_abort_reseed,1,2035000201,60,live_ledgers/live_w{worker}.jsonl
w2live_02_2_0,2,held_out_0117,instrumental_risk,0,2,always_direction_condition,0,2035000200,60,live_ledgers/live_w{worker}.jsonl
w2live_02_2_1,2,held_out_0117,instrumental_risk,0,2,always_direction_condition,1,2035000201,60,live_ledgers/live_w{worker}.jsonl
w2live_02_3_0,2,held_out_0117,instrumental_risk,0,3,corrected_probe_direction_action,0,2035000200,60,live_ledgers/live_w{worker}.jsonl
w2live_02_3_1,2,held_out_0117,instrumental_risk,0,3,corrected_probe_direction_action,1,2035000201,60,live_ledgers/live_w{worker}.jsonl
w2live_03_0_0,3,held_out_0190,instrumental_risk,0,0,no_probe_reseed,0,2035000300,60,live_ledgers/live_w{worker}.jsonl
w2live_03_0_1,3,held_out_0190,instrumental_risk,0,0,no_probe_reseed,1,2035000301,60,live_ledgers/live_w{worker}.jsonl
w2live_03_1_0,3,held_out_0190,instrumental_risk,0,1,corrected_probe_abort_reseed,0,2035000300,60,live_ledgers/live_w{worker}.jsonl
w2live_03_1_1,3,held_out_0190,instrumental_risk,0,1,corrected_probe_abort_reseed,1,2035000301,60,live_ledgers/live_w{worker}.jsonl
w2live_03_2_0,3,held_out_0190,instrumental_risk,0,2,always_direction_condition,0,2035000300,60,live_ledgers/live_w{worker}.jsonl
w2live_03_2_1,3,held_out_0190,instrumental_risk,0,2,always_direction_condition,1,2035000301,60,live_ledgers/live_w{worker}.jsonl
w2live_03_3_0,3,held_out_0190,instrumental_risk,0,3,corrected_probe_direction_action,0,2035000300,60,live_ledgers/live_w{worker}.jsonl
w2live_03_3_1,3,held_out_0190,instrumental_risk,0,3,corrected_probe_direction_action,1,2035000301,60,live_ledgers/live_w{worker}.jsonl
w2live_04_0_0,4,held_out_0041,instrumental_risk,0,0,no_probe_reseed,0,2035000400,60,live_ledgers/live_w{worker}.jsonl
w2live_04_0_1,4,held_out_0041,instrumental_risk,0,0,no_probe_reseed,1,2035000401,60,live_ledgers/live_w{worker}.jsonl
w2live_04_1_0,4,held_out_0041,instrumental_risk,0,1,corrected_probe_abort_reseed,0,2035000400,60,live_ledgers/live_w{worker}.jsonl
w2live_04_1_1,4,held_out_0041,instrumental_risk,0,1,corrected_probe_abort_reseed,1,2035000401,60,live_ledgers/live_w{worker}.jsonl
w2live_04_2_0,4,held_out_0041,instrumental_risk,0,2,always_direction_condition,0,2035000400,60,live_ledgers/live_w{worker}.jsonl
w2live_04_2_1,4,held_out_0041,instrumental_risk,0,2,always_direction_condition,1,2035000401,60,live_ledgers/live_w{worker}.jsonl
w2live_04_3_0,4,held_out_0041,instrumental_risk,0,3,corrected_probe_direction_action,0,2035000400,60,live_ledgers/live_w{worker}.jsonl
w2live_04_3_1,4,held_out_0041,instrumental_risk,0,3,corrected_probe_direction_action,1,2035000401,60,live_ledgers/live_w{worker}.jsonl
w2live_05_0_0,5,held_out_0156,instrumental_risk,0,0,no_probe_reseed,0,2035000500,60,live_ledgers/live_w{worker}.jsonl
w2live_05_0_1,5,held_out_0156,instrumental_risk,0,0,no_probe_reseed,1,2035000501,60,live_ledgers/live_w{worker}.jsonl
w2live_05_1_0,5,held_out_0156,instrumental_risk,0,1,corrected_probe_abort_reseed,0,2035000500,60,live_ledgers/live_w{worker}.jsonl
w2live_05_1_1,5,held_out_0156,instrumental_risk,0,1,corrected_probe_abort_reseed,1,2035000501,60,live_ledgers/live_w{worker}.jsonl
w2live_05_2_0,5,held_out_0156,instrumental_risk,0,2,always_direction_condition,0,2035000500,60,live_ledgers/live_w{worker}.jsonl
w2live_05_2_1,5,held_out_0156,instrumental_risk,0,2,always_direction_condition,1,2035000501,60,live_ledgers/live_w{worker}.jsonl
w2live_05_3_0,5,held_out_0156,instrumental_risk,0,3,corrected_probe_direction_action,0,2035000500,60,live_ledgers/live_w{worker}.jsonl
w2live_05_3_1,5,held_out_0156,instrumental_risk,0,3,corrected_probe_direction_action,1,2035000501,60,live_ledgers/live_w{worker}.jsonl
w2live_06_0_0,6,held_out_0253,instrumental_risk,0,0,no_probe_reseed,0,2035000600,60,live_ledgers/live_w{worker}.jsonl
w2live_06_0_1,6,held_out_0253,instrumental_risk,0,0,no_probe_reseed,1,2035000601,60,live_ledgers/live_w{worker}.jsonl
w2live_06_1_0,6,held_out_0253,instrumental_risk,0,1,corrected_probe_abort_reseed,0,2035000600,60,live_ledgers/live_w{worker}.jsonl
w2live_06_1_1,6,held_out_0253,instrumental_risk,0,1,corrected_probe_abort_reseed,1,2035000601,60,live_ledgers/live_w{worker}.jsonl
w2live_06_2_0,6,held_out_0253,instrumental_risk,0,2,always_direction_condition,0,2035000600,60,live_ledgers/live_w{worker}.jsonl
w2live_06_2_1,6,held_out_0253,instrumental_risk,0,2,always_direction_condition,1,2035000601,60,live_ledgers/live_w{worker}.jsonl
w2live_06_3_0,6,held_out_0253,instrumental_risk,0,3,corrected_probe_direction_action,0,2035000600,60,live_ledgers/live_w{worker}.jsonl
w2live_06_3_1,6,held_out_0253,instrumental_risk,0,3,corrected_probe_direction_action,1,2035000601,60,live_ledgers/live_w{worker}.jsonl
w2live_07_0_0,7,held_out_0088,instrumental_risk,0,0,no_probe_reseed,0,2035000700,60,live_ledgers/live_w{worker}.jsonl
w2live_07_0_1,7,held_out_0088,instrumental_risk,0,0,no_probe_reseed,1,2035000701,60,live_ledgers/live_w{worker}.jsonl
w2live_07_1_0,7,held_out_0088,instrumental_risk,0,1,corrected_probe_abort_reseed,0,2035000700,60,live_ledgers/live_w{worker}.jsonl
w2live_07_1_1,7,held_out_0088,instrumental_risk,0,1,corrected_probe_abort_reseed,1,2035000701,60,live_ledgers/live_w{worker}.jsonl
w2live_07_2_0,7,held_out_0088,instrumental_risk,0,2,always_direction_condition,0,2035000700,60,live_ledgers/live_w{worker}.jsonl
w2live_07_2_1,7,held_out_0088,instrumental_risk,0,2,always_direction_condition,1,2035000701,60,live_ledgers/live_w{worker}.jsonl
w2live_07_3_0,7,held_out_0088,instrumental_risk,0,3,corrected_probe_direction_action,0,2035000700,60,live_ledgers/live_w{worker}.jsonl
w2live_07_3_1,7,held_out_0088,instrumental_risk,0,3,corrected_probe_direction_action,1,2035000701,60,live_ledgers/live_w{worker}.jsonl
w2live_08_0_0,8,held_out_0040,instrumental_risk,0,0,no_probe_reseed,0,2035000800,60,live_ledgers/live_w{worker}.jsonl
w2live_08_0_1,8,held_out_0040,instrumental_risk,0,0,no_probe_reseed,1,2035000801,60,live_ledgers/live_w{worker}.jsonl
w2live_08_1_0,8,held_out_0040,instrumental_risk,0,1,corrected_probe_abort_reseed,0,2035000800,60,live_ledgers/live_w{worker}.jsonl
w2live_08_1_1,8,held_out_0040,instrumental_risk,0,1,corrected_probe_abort_reseed,1,2035000801,60,live_ledgers/live_w{worker}.jsonl
w2live_08_2_0,8,held_out_0040,instrumental_risk,0,2,always_direction_condition,0,2035000800,60,live_ledgers/live_w{worker}.jsonl
w2live_08_2_1,8,held_out_0040,instrumental_risk,0,2,always_direction_condition,1,2035000801,60,live_ledgers/live_w{worker}.jsonl
w2live_08_3_0,8,held_out_0040,instrumental_risk,0,3,corrected_probe_direction_action,0,2035000800,60,live_ledgers/live_w{worker}.jsonl
w2live_08_3_1,8,held_out_0040,instrumental_risk,0,3,corrected_probe_direction_action,1,2035000801,60,live_ledgers/live_w{worker}.jsonl
w2live_09_0_0,9,held_out_0059,instrumental_risk,0,0,no_probe_reseed,0,2035000900,60,live_ledgers/live_w{worker}.jsonl
w2live_09_0_1,9,held_out_0059,instrumental_risk,0,0,no_probe_reseed,1,2035000901,60,live_ledgers/live_w{worker}.jsonl
w2live_09_1_0,9,held_out_0059,instrumental_risk,0,1,corrected_probe_abort_reseed,0,2035000900,60,live_ledgers/live_w{worker}.jsonl
w2live_09_1_1,9,held_out_0059,instrumental_risk,0,1,corrected_probe_abort_reseed,1,2035000901,60,live_ledgers/live_w{worker}.jsonl
w2live_09_2_0,9,held_out_0059,instrumental_risk,0,2,always_direction_condition,0,2035000900,60,live_ledgers/live_w{worker}.jsonl
w2live_09_2_1,9,held_out_0059,instrumental_risk,0,2,always_direction_condition,1,2035000901,60,live_ledgers/live_w{worker}.jsonl
w2live_09_3_0,9,held_out_0059,instrumental_risk,0,3,corrected_probe_direction_action,0,2035000900,60,live_ledgers/live_w{worker}.jsonl
w2live_09_3_1,9,held_out_0059,instrumental_risk,0,3,corrected_probe_direction_action,1,2035000901,60,live_ledgers/live_w{worker}.jsonl
w2live_10_0_0,10,held_out_0046,instrumental_risk,0,0,no_probe_reseed,0,2035001000,60,live_ledgers/live_w{worker}.jsonl
w2live_10_0_1,10,held_out_0046,instrumental_risk,0,0,no_probe_reseed,1,2035001001,60,live_ledgers/live_w{worker}.jsonl
w2live_10_1_0,10,held_out_0046,instrumental_risk,0,1,corrected_probe_abort_reseed,0,2035001000,60,live_ledgers/live_w{worker}.jsonl
w2live_10_1_1,10,held_out_0046,instrumental_risk,0,1,corrected_probe_abort_reseed,1,2035001001,60,live_ledgers/live_w{worker}.jsonl
w2live_10_2_0,10,held_out_0046,instrumental_risk,0,2,always_direction_condition,0,2035001000,60,live_ledgers/live_w{worker}.jsonl
w2live_10_2_1,10,held_out_0046,instrumental_risk,0,2,always_direction_condition,1,2035001001,60,live_ledgers/live_w{worker}.jsonl
w2live_10_3_0,10,held_out_0046,instrumental_risk,0,3,corrected_probe_direction_action,0,2035001000,60,live_ledgers/live_w{worker}.jsonl
w2live_10_3_1,10,held_out_0046,instrumental_risk,0,3,corrected_probe_direction_action,1,2035001001,60,live_ledgers/live_w{worker}.jsonl
w2live_11_0_0,11,held_out_0222,instrumental_risk,0,0,no_probe_reseed,0,2035001100,60,live_ledgers/live_w{worker}.jsonl
w2live_11_0_1,11,held_out_0222,instrumental_risk,0,0,no_probe_reseed,1,2035001101,60,live_ledgers/live_w{worker}.jsonl
w2live_11_1_0,11,held_out_0222,instrumental_risk,0,1,corrected_probe_abort_reseed,0,2035001100,60,live_ledgers/live_w{worker}.jsonl
w2live_11_1_1,11,held_out_0222,instrumental_risk,0,1,corrected_probe_abort_reseed,1,2035001101,60,live_ledgers/live_w{worker}.jsonl
w2live_11_2_0,11,held_out_0222,instrumental_risk,0,2,always_direction_condition,0,2035001100,60,live_ledgers/live_w{worker}.jsonl
w2live_11_2_1,11,held_out_0222,instrumental_risk,0,2,always_direction_condition,1,2035001101,60,live_ledgers/live_w{worker}.jsonl
w2live_11_3_0,11,held_out_0222,instrumental_risk,0,3,corrected_probe_direction_action,0,2035001100,60,live_ledgers/live_w{worker}.jsonl
w2live_11_3_1,11,held_out_0222,instrumental_risk,0,3,corrected_probe_direction_action,1,2035001101,60,live_ledgers/live_w{worker}.jsonl
w2live_12_0_0,12,held_out_0173,instrumental_risk,0,0,no_probe_reseed,0,2035001200,60,live_ledgers/live_w{worker}.jsonl
w2live_12_0_1,12,held_out_0173,instrumental_risk,0,0,no_probe_reseed,1,2035001201,60,live_ledgers/live_w{worker}.jsonl
w2live_12_1_0,12,held_out_0173,instrumental_risk,0,1,corrected_probe_abort_reseed,0,2035001200,60,live_ledgers/live_w{worker}.jsonl
w2live_12_1_1,12,held_out_0173,instrumental_risk,0,1,corrected_probe_abort_reseed,1,2035001201,60,live_ledgers/live_w{worker}.jsonl
w2live_12_2_0,12,held_out_0173,instrumental_risk,0,2,always_direction_condition,0,2035001200,60,live_ledgers/live_w{worker}.jsonl
w2live_12_2_1,12,held_out_0173,instrumental_risk,0,2,always_direction_condition,1,2035001201,60,live_ledgers/live_w{worker}.jsonl
w2live_12_3_0,12,held_out_0173,instrumental_risk,0,3,corrected_probe_direction_action,0,2035001200,60,live_ledgers/live_w{worker}.jsonl
w2live_12_3_1,12,held_out_0173,instrumental_risk,0,3,corrected_probe_direction_action,1,2035001201,60,live_ledgers/live_w{worker}.jsonl
w2live_13_0_0,13,held_out_0236,instrumental_risk,0,0,no_probe_reseed,0,2035001300,60,live_ledgers/live_w{worker}.jsonl
w2live_13_0_1,13,held_out_0236,instrumental_risk,0,0,no_probe_reseed,1,2035001301,60,live_ledgers/live_w{worker}.jsonl
w2live_13_1_0,13,held_out_0236,instrumental_risk,0,1,corrected_probe_abort_reseed,0,2035001300,60,live_ledgers/live_w{worker}.jsonl
w2live_13_1_1,13,held_out_0236,instrumental_risk,0,1,corrected_probe_abort_reseed,1,2035001301,60,live_ledgers/live_w{worker}.jsonl
w2live_13_2_0,13,held_out_0236,instrumental_risk,0,2,always_direction_condition,0,2035001300,60,live_ledgers/live_w{worker}.jsonl
w2live_13_2_1,13,held_out_0236,instrumental_risk,0,2,always_direction_condition,1,2035001301,60,live_ledgers/live_w{worker}.jsonl
w2live_13_3_0,13,held_out_0236,instrumental_risk,0,3,corrected_probe_direction_action,0,2035001300,60,live_ledgers/live_w{worker}.jsonl
w2live_13_3_1,13,held_out_0236,instrumental_risk,0,3,corrected_probe_direction_action,1,2035001301,60,live_ledgers/live_w{worker}.jsonl
w2live_14_0_0,14,held_out_0207,instrumental_risk,0,0,no_probe_reseed,0,2035001400,60,live_ledgers/live_w{worker}.jsonl
w2live_14_0_1,14,held_out_0207,instrumental_risk,0,0,no_probe_reseed,1,2035001401,60,live_ledgers/live_w{worker}.jsonl
w2live_14_1_0,14,held_out_0207,instrumental_risk,0,1,corrected_probe_abort_reseed,0,2035001400,60,live_ledgers/live_w{worker}.jsonl
w2live_14_1_1,14,held_out_0207,instrumental_risk,0,1,corrected_probe_abort_reseed,1,2035001401,60,live_ledgers/live_w{worker}.jsonl
w2live_14_2_0,14,held_out_0207,instrumental_risk,0,2,always_direction_condition,0,2035001400,60,live_ledgers/live_w{worker}.jsonl
w2live_14_2_1,14,held_out_0207,instrumental_risk,0,2,always_direction_condition,1,2035001401,60,live_ledgers/live_w{worker}.jsonl
w2live_14_3_0,14,held_out_0207,instrumental_risk,0,3,corrected_probe_direction_action,0,2035001400,60,live_ledgers/live_w{worker}.jsonl
w2live_14_3_1,14,held_out_0207,instrumental_risk,0,3,corrected_probe_direction_action,1,2035001401,60,live_ledgers/live_w{worker}.jsonl
w2live_15_0_0,15,held_out_0192,instrumental_risk,0,0,no_probe_reseed,0,2035001500,60,live_ledgers/live_w{worker}.jsonl
w2live_15_0_1,15,held_out_0192,instrumental_risk,0,0,no_probe_reseed,1,2035001501,60,live_ledgers/live_w{worker}.jsonl
w2live_15_1_0,15,held_out_0192,instrumental_risk,0,1,corrected_probe_abort_reseed,0,2035001500,60,live_ledgers/live_w{worker}.jsonl
w2live_15_1_1,15,held_out_0192,instrumental_risk,0,1,corrected_probe_abort_reseed,1,2035001501,60,live_ledgers/live_w{worker}.jsonl
w2live_15_2_0,15,held_out_0192,instrumental_risk,0,2,always_direction_condition,0,2035001500,60,live_ledgers/live_w{worker}.jsonl
w2live_15_2_1,15,held_out_0192,instrumental_risk,0,2,always_direction_condition,1,2035001501,60,live_ledgers/live_w{worker}.jsonl
w2live_15_3_0,15,held_out_0192,instrumental_risk,0,3,corrected_probe_direction_action,0,2035001500,60,live_ledgers/live_w{worker}.jsonl
w2live_15_3_1,15,held_out_0192,instrumental_risk,0,3,corrected_probe_direction_action,1,2035001501,60,live_ledgers/live_w{worker}.jsonl
w2live_16_0_0,16,held_out_0130,instrumental_risk,0,0,no_probe_reseed,0,2035001600,60,live_ledgers/live_w{worker}.jsonl
w2live_16_0_1,16,held_out_0130,instrumental_risk,0,0,no_probe_reseed,1,2035001601,60,live_ledgers/live_w{worker}.jsonl
w2live_16_1_0,16,held_out_0130,instrumental_risk,0,1,corrected_probe_abort_reseed,0,2035001600,60,live_ledgers/live_w{worker}.jsonl
w2live_16_1_1,16,held_out_0130,instrumental_risk,0,1,corrected_probe_abort_reseed,1,2035001601,60,live_ledgers/live_w{worker}.jsonl
w2live_16_2_0,16,held_out_0130,instrumental_risk,0,2,always_direction_condition,0,2035001600,60,live_ledgers/live_w{worker}.jsonl
w2live_16_2_1,16,held_out_0130,instrumental_risk,0,2,always_direction_condition,1,2035001601,60,live_ledgers/live_w{worker}.jsonl
w2live_16_3_0,16,held_out_0130,instrumental_risk,0,3,corrected_probe_direction_action,0,2035001600,60,live_ledgers/live_w{worker}.jsonl
w2live_16_3_1,16,held_out_0130,instrumental_risk,0,3,corrected_probe_direction_action,1,2035001601,60,live_ledgers/live_w{worker}.jsonl
w2live_17_0_0,17,held_out_0161,instrumental_risk,0,0,no_probe_reseed,0,2035001700,60,live_ledgers/live_w{worker}.jsonl
w2live_17_0_1,17,held_out_0161,instrumental_risk,0,0,no_probe_reseed,1,2035001701,60,live_ledgers/live_w{worker}.jsonl
w2live_17_1_0,17,held_out_0161,instrumental_risk,0,1,corrected_probe_abort_reseed,0,2035001700,60,live_ledgers/live_w{worker}.jsonl
w2live_17_1_1,17,held_out_0161,instrumental_risk,0,1,corrected_probe_abort_reseed,1,2035001701,60,live_ledgers/live_w{worker}.jsonl
w2live_17_2_0,17,held_out_0161,instrumental_risk,0,2,always_direction_condition,0,2035001700,60,live_ledgers/live_w{worker}.jsonl
w2live_17_2_1,17,held_out_0161,instrumental_risk,0,2,always_direction_condition,1,2035001701,60,live_ledgers/live_w{worker}.jsonl
w2live_17_3_0,17,held_out_0161,instrumental_risk,0,3,corrected_probe_direction_action,0,2035001700,60,live_ledgers/live_w{worker}.jsonl
w2live_17_3_1,17,held_out_0161,instrumental_risk,0,3,corrected_probe_direction_action,1,2035001701,60,live_ledgers/live_w{worker}.jsonl
w2live_18_0_0,18,held_out_0140,instrumental_risk,0,0,no_probe_reseed,0,2035001800,60,live_ledgers/live_w{worker}.jsonl
w2live_18_0_1,18,held_out_0140,instrumental_risk,0,0,no_probe_reseed,1,2035001801,60,live_ledgers/live_w{worker}.jsonl
w2live_18_1_0,18,held_out_0140,instrumental_risk,0,1,corrected_probe_abort_reseed,0,2035001800,60,live_ledgers/live_w{worker}.jsonl
w2live_18_1_1,18,held_out_0140,instrumental_risk,0,1,corrected_probe_abort_reseed,1,2035001801,60,live_ledgers/live_w{worker}.jsonl
w2live_18_2_0,18,held_out_0140,instrumental_risk,0,2,always_direction_condition,0,2035001800,60,live_ledgers/live_w{worker}.jsonl
w2live_18_2_1,18,held_out_0140,instrumental_risk,0,2,always_direction_condition,1,2035001801,60,live_ledgers/live_w{worker}.jsonl
w2live_18_3_0,18,held_out_0140,instrumental_risk,0,3,corrected_probe_direction_action,0,2035001800,60,live_ledgers/live_w{worker}.jsonl
w2live_18_3_1,18,held_out_0140,instrumental_risk,0,3,corrected_probe_direction_action,1,2035001801,60,live_ledgers/live_w{worker}.jsonl
w2live_19_0_0,19,held_out_0124,instrumental_risk,0,0,no_probe_reseed,0,2035001900,60,live_ledgers/live_w{worker}.jsonl
w2live_19_0_1,19,held_out_0124,instrumental_risk,0,0,no_probe_reseed,1,2035001901,60,live_ledgers/live_w{worker}.jsonl
w2live_19_1_0,19,held_out_0124,instrumental_risk,0,1,corrected_probe_abort_reseed,0,2035001900,60,live_ledgers/live_w{worker}.jsonl
w2live_19_1_1,19,held_out_0124,instrumental_risk,0,1,corrected_probe_abort_reseed,1,2035001901,60,live_ledgers/live_w{worker}.jsonl
w2live_19_2_0,19,held_out_0124,instrumental_risk,0,2,always_direction_condition,0,2035001900,60,live_ledgers/live_w{worker}.jsonl
w2live_19_2_1,19,held_out_0124,instrumental_risk,0,2,always_direction_condition,1,2035001901,60,live_ledgers/live_w{worker}.jsonl
w2live_19_3_0,19,held_out_0124,instrumental_risk,0,3,corrected_probe_direction_action,0,2035001900,60,live_ledgers/live_w{worker}.jsonl
w2live_19_3_1,19,held_out_0124,instrumental_risk,0,3,corrected_probe_direction_action,1,2035001901,60,live_ledgers/live_w{worker}.jsonl
w2live_20_0_0,20,held_out_0009,instrumental_risk,0,0,no_probe_reseed,0,2035002000,60,live_ledgers/live_w{worker}.jsonl
w2live_20_0_1,20,held_out_0009,instrumental_risk,0,0,no_probe_reseed,1,2035002001,60,live_ledgers/live_w{worker}.jsonl
w2live_20_1_0,20,held_out_0009,instrumental_risk,0,1,corrected_probe_abort_reseed,0,2035002000,60,live_ledgers/live_w{worker}.jsonl
w2live_20_1_1,20,held_out_0009,instrumental_risk,0,1,corrected_probe_abort_reseed,1,2035002001,60,live_ledgers/live_w{worker}.jsonl
w2live_20_2_0,20,held_out_0009,instrumental_risk,0,2,always_direction_condition,0,2035002000,60,live_ledgers/live_w{worker}.jsonl
w2live_20_2_1,20,held_out_0009,instrumental_risk,0,2,always_direction_condition,1,2035002001,60,live_ledgers/live_w{worker}.jsonl
w2live_20_3_0,20,held_out_0009,instrumental_risk,0,3,corrected_probe_direction_action,0,2035002000,60,live_ledgers/live_w{worker}.jsonl
w2live_20_3_1,20,held_out_0009,instrumental_risk,0,3,corrected_probe_direction_action,1,2035002001,60,live_ledgers/live_w{worker}.jsonl
w2live_21_0_0,21,held_out_0178,instrumental_risk,0,0,no_probe_reseed,0,2035002100,60,live_ledgers/live_w{worker}.jsonl
w2live_21_0_1,21,held_out_0178,instrumental_risk,0,0,no_probe_reseed,1,2035002101,60,live_ledgers/live_w{worker}.jsonl
w2live_21_1_0,21,held_out_0178,instrumental_risk,0,1,corrected_probe_abort_reseed,0,2035002100,60,live_ledgers/live_w{worker}.jsonl
w2live_21_1_1,21,held_out_0178,instrumental_risk,0,1,corrected_probe_abort_reseed,1,2035002101,60,live_ledgers/live_w{worker}.jsonl
w2live_21_2_0,21,held_out_0178,instrumental_risk,0,2,always_direction_condition,0,2035002100,60,live_ledgers/live_w{worker}.jsonl
w2live_21_2_1,21,held_out_0178,instrumental_risk,0,2,always_direction_condition,1,2035002101,60,live_ledgers/live_w{worker}.jsonl
w2live_21_3_0,21,held_out_0178,instrumental_risk,0,3,corrected_probe_direction_action,0,2035002100,60,live_ledgers/live_w{worker}.jsonl
w2live_21_3_1,21,held_out_0178,instrumental_risk,0,3,corrected_probe_direction_action,1,2035002101,60,live_ledgers/live_w{worker}.jsonl
w2live_22_0_0,22,held_out_0206,instrumental_risk,0,0,no_probe_reseed,0,2035002200,60,live_ledgers/live_w{worker}.jsonl
w2live_22_0_1,22,held_out_0206,instrumental_risk,0,0,no_probe_reseed,1,2035002201,60,live_ledgers/live_w{worker}.jsonl
w2live_22_1_0,22,held_out_0206,instrumental_risk,0,1,corrected_probe_abort_reseed,0,2035002200,60,live_ledgers/live_w{worker}.jsonl
w2live_22_1_1,22,held_out_0206,instrumental_risk,0,1,corrected_probe_abort_reseed,1,2035002201,60,live_ledgers/live_w{worker}.jsonl
w2live_22_2_0,22,held_out_0206,instrumental_risk,0,2,always_direction_condition,0,2035002200,60,live_ledgers/live_w{worker}.jsonl
w2live_22_2_1,22,held_out_0206,instrumental_risk,0,2,always_direction_condition,1,2035002201,60,live_ledgers/live_w{worker}.jsonl
w2live_22_3_0,22,held_out_0206,instrumental_risk,0,3,corrected_probe_direction_action,0,2035002200,60,live_ledgers/live_w{worker}.jsonl
w2live_22_3_1,22,held_out_0206,instrumental_risk,0,3,corrected_probe_direction_action,1,2035002201,60,live_ledgers/live_w{worker}.jsonl
w2live_23_0_0,23,held_out_0105,instrumental_risk,0,0,no_probe_reseed,0,2035002300,60,live_ledgers/live_w{worker}.jsonl
w2live_23_0_1,23,held_out_0105,instrumental_risk,0,0,no_probe_reseed,1,2035002301,60,live_ledgers/live_w{worker}.jsonl
w2live_23_1_0,23,held_out_0105,instrumental_risk,0,1,corrected_probe_abort_reseed,0,2035002300,60,live_ledgers/live_w{worker}.jsonl
w2live_23_1_1,23,held_out_0105,instrumental_risk,0,1,corrected_probe_abort_reseed,1,2035002301,60,live_ledgers/live_w{worker}.jsonl
w2live_23_2_0,23,held_out_0105,instrumental_risk,0,2,always_direction_condition,0,2035002300,60,live_ledgers/live_w{worker}.jsonl
w2live_23_2_1,23,held_out_0105,instrumental_risk,0,2,always_direction_condition,1,2035002301,60,live_ledgers/live_w{worker}.jsonl
w2live_23_3_0,23,held_out_0105,instrumental_risk,0,3,corrected_probe_direction_action,0,2035002300,60,live_ledgers/live_w{worker}.jsonl
w2live_23_3_1,23,held_out_0105,instrumental_risk,0,3,corrected_probe_direction_action,1,2035002301,60,live_ledgers/live_w{worker}.jsonl
w2live_24_0_0,24,held_out_0109,instrumental_risk,0,0,no_probe_reseed,0,2035002400,60,live_ledgers/live_w{worker}.jsonl
w2live_24_0_1,24,held_out_0109,instrumental_risk,0,0,no_probe_reseed,1,2035002401,60,live_ledgers/live_w{worker}.jsonl
w2live_24_1_0,24,held_out_0109,instrumental_risk,0,1,corrected_probe_abort_reseed,0,2035002400,60,live_ledgers/live_w{worker}.jsonl
w2live_24_1_1,24,held_out_0109,instrumental_risk,0,1,corrected_probe_abort_reseed,1,2035002401,60,live_ledgers/live_w{worker}.jsonl
w2live_24_2_0,24,held_out_0109,instrumental_risk,0,2,always_direction_condition,0,2035002400,60,live_ledgers/live_w{worker}.jsonl
w2live_24_2_1,24,held_out_0109,instrumental_risk,0,2,always_direction_condition,1,2035002401,60,live_ledgers/live_w{worker}.jsonl
w2live_24_3_0,24,held_out_0109,instrumental_risk,0,3,corrected_probe_direction_action,0,2035002400,60,live_ledgers/live_w{worker}.jsonl
w2live_24_3_1,24,held_out_0109,instrumental_risk,0,3,corrected_probe_direction_action,1,2035002401,60,live_ledgers/live_w{worker}.jsonl
w2live_25_0_0,25,held_out_0146,instrumental_risk,0,0,no_probe_reseed,0,2035002500,60,live_ledgers/live_w{worker}.jsonl
w2live_25_0_1,25,held_out_0146,instrumental_risk,0,0,no_probe_reseed,1,2035002501,60,live_ledgers/live_w{worker}.jsonl
w2live_25_1_0,25,held_out_0146,instrumental_risk,0,1,corrected_probe_abort_reseed,0,2035002500,60,live_ledgers/live_w{worker}.jsonl
w2live_25_1_1,25,held_out_0146,instrumental_risk,0,1,corrected_probe_abort_reseed,1,2035002501,60,live_ledgers/live_w{worker}.jsonl
w2live_25_2_0,25,held_out_0146,instrumental_risk,0,2,always_direction_condition,0,2035002500,60,live_ledgers/live_w{worker}.jsonl
w2live_25_2_1,25,held_out_0146,instrumental_risk,0,2,always_direction_condition,1,2035002501,60,live_ledgers/live_w{worker}.jsonl
w2live_25_3_0,25,held_out_0146,instrumental_risk,0,3,corrected_probe_direction_action,0,2035002500,60,live_ledgers/live_w{worker}.jsonl
w2live_25_3_1,25,held_out_0146,instrumental_risk,0,3,corrected_probe_direction_action,1,2035002501,60,live_ledgers/live_w{worker}.jsonl
w2live_26_0_0,26,held_out_0031,instrumental_risk,0,0,no_probe_reseed,0,2035002600,60,live_ledgers/live_w{worker}.jsonl
w2live_26_0_1,26,held_out_0031,instrumental_risk,0,0,no_probe_reseed,1,2035002601,60,live_ledgers/live_w{worker}.jsonl
w2live_26_1_0,26,held_out_0031,instrumental_risk,0,1,corrected_probe_abort_reseed,0,2035002600,60,live_ledgers/live_w{worker}.jsonl
w2live_26_1_1,26,held_out_0031,instrumental_risk,0,1,corrected_probe_abort_reseed,1,2035002601,60,live_ledgers/live_w{worker}.jsonl
w2live_26_2_0,26,held_out_0031,instrumental_risk,0,2,always_direction_condition,0,2035002600,60,live_ledgers/live_w{worker}.jsonl
w2live_26_2_1,26,held_out_0031,instrumental_risk,0,2,always_direction_condition,1,2035002601,60,live_ledgers/live_w{worker}.jsonl
w2live_26_3_0,26,held_out_0031,instrumental_risk,0,3,corrected_probe_direction_action,0,2035002600,60,live_ledgers/live_w{worker}.jsonl
w2live_26_3_1,26,held_out_0031,instrumental_risk,0,3,corrected_probe_direction_action,1,2035002601,60,live_ledgers/live_w{worker}.jsonl
w2live_27_0_0,27,held_out_0098,instrumental_risk,0,0,no_probe_reseed,0,2035002700,60,live_ledgers/live_w{worker}.jsonl
w2live_27_0_1,27,held_out_0098,instrumental_risk,0,0,no_probe_reseed,1,2035002701,60,live_ledgers/live_w{worker}.jsonl
w2live_27_1_0,27,held_out_0098,instrumental_risk,0,1,corrected_probe_abort_reseed,0,2035002700,60,live_ledgers/live_w{worker}.jsonl
w2live_27_1_1,27,held_out_0098,instrumental_risk,0,1,corrected_probe_abort_reseed,1,2035002701,60,live_ledgers/live_w{worker}.jsonl
w2live_27_2_0,27,held_out_0098,instrumental_risk,0,2,always_direction_condition,0,2035002700,60,live_ledgers/live_w{worker}.jsonl
w2live_27_2_1,27,held_out_0098,instrumental_risk,0,2,always_direction_condition,1,2035002701,60,live_ledgers/live_w{worker}.jsonl
w2live_27_3_0,27,held_out_0098,instrumental_risk,0,3,corrected_probe_direction_action,0,2035002700,60,live_ledgers/live_w{worker}.jsonl
w2live_27_3_1,27,held_out_0098,instrumental_risk,0,3,corrected_probe_direction_action,1,2035002701,60,live_ledgers/live_w{worker}.jsonl
w2live_28_0_0,28,held_out_0235,instrumental_risk,0,0,no_probe_reseed,0,2035002800,60,live_ledgers/live_w{worker}.jsonl
w2live_28_0_1,28,held_out_0235,instrumental_risk,0,0,no_probe_reseed,1,2035002801,60,live_ledgers/live_w{worker}.jsonl
w2live_28_1_0,28,held_out_0235,instrumental_risk,0,1,corrected_probe_abort_reseed,0,2035002800,60,live_ledgers/live_w{worker}.jsonl
w2live_28_1_1,28,held_out_0235,instrumental_risk,0,1,corrected_probe_abort_reseed,1,2035002801,60,live_ledgers/live_w{worker}.jsonl
w2live_28_2_0,28,held_out_0235,instrumental_risk,0,2,always_direction_condition,0,2035002800,60,live_ledgers/live_w{worker}.jsonl
w2live_28_2_1,28,held_out_0235,instrumental_risk,0,2,always_direction_condition,1,2035002801,60,live_ledgers/live_w{worker}.jsonl
w2live_28_3_0,28,held_out_0235,instrumental_risk,0,3,corrected_probe_direction_action,0,2035002800,60,live_ledgers/live_w{worker}.jsonl
w2live_28_3_1,28,held_out_0235,instrumental_risk,0,3,corrected_probe_direction_action,1,2035002801,60,live_ledgers/live_w{worker}.jsonl
w2live_29_0_0,29,held_out_0252,instrumental_risk,0,0,no_probe_reseed,0,2035002900,60,live_ledgers/live_w{worker}.jsonl
w2live_29_0_1,29,held_out_0252,instrumental_risk,0,0,no_probe_reseed,1,2035002901,60,live_ledgers/live_w{worker}.jsonl
w2live_29_1_0,29,held_out_0252,instrumental_risk,0,1,corrected_probe_abort_reseed,0,2035002900,60,live_ledgers/live_w{worker}.jsonl
w2live_29_1_1,29,held_out_0252,instrumental_risk,0,1,corrected_probe_abort_reseed,1,2035002901,60,live_ledgers/live_w{worker}.jsonl
w2live_29_2_0,29,held_out_0252,instrumental_risk,0,2,always_direction_condition,0,2035002900,60,live_ledgers/live_w{worker}.jsonl
w2live_29_2_1,29,held_out_0252,instrumental_risk,0,2,always_direction_condition,1,2035002901,60,live_ledgers/live_w{worker}.jsonl
w2live_29_3_0,29,held_out_0252,instrumental_risk,0,3,corrected_probe_direction_action,0,2035002900,60,live_ledgers/live_w{worker}.jsonl
w2live_29_3_1,29,held_out_0252,instrumental_risk,0,3,corrected_probe_direction_action,1,2035002901,60,live_ledgers/live_w{worker}.jsonl
w2live_30_0_0,30,held_out_0061,instrumental_risk,0,0,no_probe_reseed,0,2035003000,60,live_ledgers/live_w{worker}.jsonl
w2live_30_0_1,30,held_out_0061,instrumental_risk,0,0,no_probe_reseed,1,2035003001,60,live_ledgers/live_w{worker}.jsonl
w2live_30_1_0,30,held_out_0061,instrumental_risk,0,1,corrected_probe_abort_reseed,0,2035003000,60,live_ledgers/live_w{worker}.jsonl
w2live_30_1_1,30,held_out_0061,instrumental_risk,0,1,corrected_probe_abort_reseed,1,2035003001,60,live_ledgers/live_w{worker}.jsonl
w2live_30_2_0,30,held_out_0061,instrumental_risk,0,2,always_direction_condition,0,2035003000,60,live_ledgers/live_w{worker}.jsonl
w2live_30_2_1,30,held_out_0061,instrumental_risk,0,2,always_direction_condition,1,2035003001,60,live_ledgers/live_w{worker}.jsonl
w2live_30_3_0,30,held_out_0061,instrumental_risk,0,3,corrected_probe_direction_action,0,2035003000,60,live_ledgers/live_w{worker}.jsonl
w2live_30_3_1,30,held_out_0061,instrumental_risk,0,3,corrected_probe_direction_action,1,2035003001,60,live_ledgers/live_w{worker}.jsonl
w2live_31_0_0,31,held_out_0201,instrumental_risk,0,0,no_probe_reseed,0,2035003100,60,live_ledgers/live_w{worker}.jsonl
w2live_31_0_1,31,held_out_0201,instrumental_risk,0,0,no_probe_reseed,1,2035003101,60,live_ledgers/live_w{worker}.jsonl
w2live_31_1_0,31,held_out_0201,instrumental_risk,0,1,corrected_probe_abort_reseed,0,2035003100,60,live_ledgers/live_w{worker}.jsonl
w2live_31_1_1,31,held_out_0201,instrumental_risk,0,1,corrected_probe_abort_reseed,1,2035003101,60,live_ledgers/live_w{worker}.jsonl
w2live_31_2_0,31,held_out_0201,instrumental_risk,0,2,always_direction_condition,0,2035003100,60,live_ledgers/live_w{worker}.jsonl
w2live_31_2_1,31,held_out_0201,instrumental_risk,0,2,always_direction_condition,1,2035003101,60,live_ledgers/live_w{worker}.jsonl
w2live_31_3_0,31,held_out_0201,instrumental_risk,0,3,corrected_probe_direction_action,0,2035003100,60,live_ledgers/live_w{worker}.jsonl
w2live_31_3_1,31,held_out_0201,instrumental_risk,0,3,corrected_probe_direction_action,1,2035003101,60,live_ledgers/live_w{worker}.jsonl
w2live_32_0_0,32,held_out_0175,instrumental_risk,0,0,no_probe_reseed,0,2035003200,60,live_ledgers/live_w{worker}.jsonl
w2live_32_0_1,32,held_out_0175,instrumental_risk,0,0,no_probe_reseed,1,2035003201,60,live_ledgers/live_w{worker}.jsonl
w2live_32_1_0,32,held_out_0175,instrumental_risk,0,1,corrected_probe_abort_reseed,0,2035003200,60,live_ledgers/live_w{worker}.jsonl
w2live_32_1_1,32,held_out_0175,instrumental_risk,0,1,corrected_probe_abort_reseed,1,2035003201,60,live_ledgers/live_w{worker}.jsonl
w2live_32_2_0,32,held_out_0175,instrumental_risk,0,2,always_direction_condition,0,2035003200,60,live_ledgers/live_w{worker}.jsonl
w2live_32_2_1,32,held_out_0175,instrumental_risk,0,2,always_direction_condition,1,2035003201,60,live_ledgers/live_w{worker}.jsonl
w2live_32_3_0,32,held_out_0175,instrumental_risk,0,3,corrected_probe_direction_action,0,2035003200,60,live_ledgers/live_w{worker}.jsonl
w2live_32_3_1,32,held_out_0175,instrumental_risk,0,3,corrected_probe_direction_action,1,2035003201,60,live_ledgers/live_w{worker}.jsonl
w2live_33_0_0,33,held_out_0038,instrumental_risk,0,0,no_probe_reseed,0,2035003300,60,live_ledgers/live_w{worker}.jsonl
w2live_33_0_1,33,held_out_0038,instrumental_risk,0,0,no_probe_reseed,1,2035003301,60,live_ledgers/live_w{worker}.jsonl
w2live_33_1_0,33,held_out_0038,instrumental_risk,0,1,corrected_probe_abort_reseed,0,2035003300,60,live_ledgers/live_w{worker}.jsonl
w2live_33_1_1,33,held_out_0038,instrumental_risk,0,1,corrected_probe_abort_reseed,1,2035003301,60,live_ledgers/live_w{worker}.jsonl
w2live_33_2_0,33,held_out_0038,instrumental_risk,0,2,always_direction_condition,0,2035003300,60,live_ledgers/live_w{worker}.jsonl
w2live_33_2_1,33,held_out_0038,instrumental_risk,0,2,always_direction_condition,1,2035003301,60,live_ledgers/live_w{worker}.jsonl
w2live_33_3_0,33,held_out_0038,instrumental_risk,0,3,corrected_probe_direction_action,0,2035003300,60,live_ledgers/live_w{worker}.jsonl
w2live_33_3_1,33,held_out_0038,instrumental_risk,0,3,corrected_probe_direction_action,1,2035003301,60,live_ledgers/live_w{worker}.jsonl
w2live_34_0_0,34,held_out_0074,instrumental_risk,0,0,no_probe_reseed,0,2035003400,60,live_ledgers/live_w{worker}.jsonl
w2live_34_0_1,34,held_out_0074,instrumental_risk,0,0,no_probe_reseed,1,2035003401,60,live_ledgers/live_w{worker}.jsonl
w2live_34_1_0,34,held_out_0074,instrumental_risk,0,1,corrected_probe_abort_reseed,0,2035003400,60,live_ledgers/live_w{worker}.jsonl
w2live_34_1_1,34,held_out_0074,instrumental_risk,0,1,corrected_probe_abort_reseed,1,2035003401,60,live_ledgers/live_w{worker}.jsonl
w2live_34_2_0,34,held_out_0074,instrumental_risk,0,2,always_direction_condition,0,2035003400,60,live_ledgers/live_w{worker}.jsonl
w2live_34_2_1,34,held_out_0074,instrumental_risk,0,2,always_direction_condition,1,2035003401,60,live_ledgers/live_w{worker}.jsonl
w2live_34_3_0,34,held_out_0074,instrumental_risk,0,3,corrected_probe_direction_action,0,2035003400,60,live_ledgers/live_w{worker}.jsonl
w2live_34_3_1,34,held_out_0074,instrumental_risk,0,3,corrected_probe_direction_action,1,2035003401,60,live_ledgers/live_w{worker}.jsonl
w2live_35_0_0,35,held_out_0137,instrumental_risk,0,0,no_probe_reseed,0,2035003500,60,live_ledgers/live_w{worker}.jsonl
w2live_35_0_1,35,held_out_0137,instrumental_risk,0,0,no_probe_reseed,1,2035003501,60,live_ledgers/live_w{worker}.jsonl
w2live_35_1_0,35,held_out_0137,instrumental_risk,0,1,corrected_probe_abort_reseed,0,2035003500,60,live_ledgers/live_w{worker}.jsonl
w2live_35_1_1,35,held_out_0137,instrumental_risk,0,1,corrected_probe_abort_reseed,1,2035003501,60,live_ledgers/live_w{worker}.jsonl
w2live_35_2_0,35,held_out_0137,instrumental_risk,0,2,always_direction_condition,0,2035003500,60,live_ledgers/live_w{worker}.jsonl
w2live_35_2_1,35,held_out_0137,instrumental_risk,0,2,always_direction_condition,1,2035003501,60,live_ledgers/live_w{worker}.jsonl
w2live_35_3_0,35,held_out_0137,instrumental_risk,0,3,corrected_probe_direction_action,0,2035003500,60,live_ledgers/live_w{worker}.jsonl
w2live_35_3_1,35,held_out_0137,instrumental_risk,0,3,corrected_probe_direction_action,1,2035003501,60,live_ledgers/live_w{worker}.jsonl
w2live_36_0_0,36,held_out_0223,instrumental_risk,0,0,no_probe_reseed,0,2035003600,60,live_ledgers/live_w{worker}.jsonl
w2live_36_0_1,36,held_out_0223,instrumental_risk,0,0,no_probe_reseed,1,2035003601,60,live_ledgers/live_w{worker}.jsonl
w2live_36_1_0,36,held_out_0223,instrumental_risk,0,1,corrected_probe_abort_reseed,0,2035003600,60,live_ledgers/live_w{worker}.jsonl
w2live_36_1_1,36,held_out_0223,instrumental_risk,0,1,corrected_probe_abort_reseed,1,2035003601,60,live_ledgers/live_w{worker}.jsonl
w2live_36_2_0,36,held_out_0223,instrumental_risk,0,2,always_direction_condition,0,2035003600,60,live_ledgers/live_w{worker}.jsonl
w2live_36_2_1,36,held_out_0223,instrumental_risk,0,2,always_direction_condition,1,2035003601,60,live_ledgers/live_w{worker}.jsonl
w2live_36_3_0,36,held_out_0223,instrumental_risk,0,3,corrected_probe_direction_action,0,2035003600,60,live_ledgers/live_w{worker}.jsonl
w2live_36_3_1,36,held_out_0223,instrumental_risk,0,3,corrected_probe_direction_action,1,2035003601,60,live_ledgers/live_w{worker}.jsonl
w2live_37_0_0,37,held_out_0231,instrumental_risk,0,0,no_probe_reseed,0,2035003700,60,live_ledgers/live_w{worker}.jsonl
w2live_37_0_1,37,held_out_0231,instrumental_risk,0,0,no_probe_reseed,1,2035003701,60,live_ledgers/live_w{worker}.jsonl
w2live_37_1_0,37,held_out_0231,instrumental_risk,0,1,corrected_probe_abort_reseed,0,2035003700,60,live_ledgers/live_w{worker}.jsonl
w2live_37_1_1,37,held_out_0231,instrumental_risk,0,1,corrected_probe_abort_reseed,1,2035003701,60,live_ledgers/live_w{worker}.jsonl
w2live_37_2_0,37,held_out_0231,instrumental_risk,0,2,always_direction_condition,0,2035003700,60,live_ledgers/live_w{worker}.jsonl
w2live_37_2_1,37,held_out_0231,instrumental_risk,0,2,always_direction_condition,1,2035003701,60,live_ledgers/live_w{worker}.jsonl
w2live_37_3_0,37,held_out_0231,instrumental_risk,0,3,corrected_probe_direction_action,0,2035003700,60,live_ledgers/live_w{worker}.jsonl
w2live_37_3_1,37,held_out_0231,instrumental_risk,0,3,corrected_probe_direction_action,1,2035003701,60,live_ledgers/live_w{worker}.jsonl
w2live_38_0_0,38,held_out_0247,instrumental_risk,0,0,no_probe_reseed,0,2035003800,60,live_ledgers/live_w{worker}.jsonl
w2live_38_0_1,38,held_out_0247,instrumental_risk,0,0,no_probe_reseed,1,2035003801,60,live_ledgers/live_w{worker}.jsonl
w2live_38_1_0,38,held_out_0247,instrumental_risk,0,1,corrected_probe_abort_reseed,0,2035003800,60,live_ledgers/live_w{worker}.jsonl
w2live_38_1_1,38,held_out_0247,instrumental_risk,0,1,corrected_probe_abort_reseed,1,2035003801,60,live_ledgers/live_w{worker}.jsonl
w2live_38_2_0,38,held_out_0247,instrumental_risk,0,2,always_direction_condition,0,2035003800,60,live_ledgers/live_w{worker}.jsonl
w2live_38_2_1,38,held_out_0247,instrumental_risk,0,2,always_direction_condition,1,2035003801,60,live_ledgers/live_w{worker}.jsonl
w2live_38_3_0,38,held_out_0247,instrumental_risk,0,3,corrected_probe_direction_action,0,2035003800,60,live_ledgers/live_w{worker}.jsonl
w2live_38_3_1,38,held_out_0247,instrumental_risk,0,3,corrected_probe_direction_action,1,2035003801,60,live_ledgers/live_w{worker}.jsonl
w2live_39_0_0,39,held_out_0132,instrumental_risk,0,0,no_probe_reseed,0,2035003900,60,live_ledgers/live_w{worker}.jsonl
w2live_39_0_1,39,held_out_0132,instrumental_risk,0,0,no_probe_reseed,1,2035003901,60,live_ledgers/live_w{worker}.jsonl
w2live_39_1_0,39,held_out_0132,instrumental_risk,0,1,corrected_probe_abort_reseed,0,2035003900,60,live_ledgers/live_w{worker}.jsonl
w2live_39_1_1,39,held_out_0132,instrumental_risk,0,1,corrected_probe_abort_reseed,1,2035003901,60,live_ledgers/live_w{worker}.jsonl
w2live_39_2_0,39,held_out_0132,instrumental_risk,0,2,always_direction_condition,0,2035003900,60,live_ledgers/live_w{worker}.jsonl
w2live_39_2_1,39,held_out_0132,instrumental_risk,0,2,always_direction_condition,1,2035003901,60,live_ledgers/live_w{worker}.jsonl
w2live_39_3_0,39,held_out_0132,instrumental_risk,0,3,corrected_probe_direction_action,0,2035003900,60,live_ledgers/live_w{worker}.jsonl
w2live_39_3_1,39,held_out_0132,instrumental_risk,0,3,corrected_probe_direction_action,1,2035003901,60,live_ledgers/live_w{worker}.jsonl
w2live_40_0_0,40,held_out_0020,instrumental_risk,0,0,no_probe_reseed,0,2035004000,60,live_ledgers/live_w{worker}.jsonl
w2live_40_0_1,40,held_out_0020,instrumental_risk,0,0,no_probe_reseed,1,2035004001,60,live_ledgers/live_w{worker}.jsonl
w2live_40_1_0,40,held_out_0020,instrumental_risk,0,1,corrected_probe_abort_reseed,0,2035004000,60,live_ledgers/live_w{worker}.jsonl
w2live_40_1_1,40,held_out_0020,instrumental_risk,0,1,corrected_probe_abort_reseed,1,2035004001,60,live_ledgers/live_w{worker}.jsonl
w2live_40_2_0,40,held_out_0020,instrumental_risk,0,2,always_direction_condition,0,2035004000,60,live_ledgers/live_w{worker}.jsonl
w2live_40_2_1,40,held_out_0020,instrumental_risk,0,2,always_direction_condition,1,2035004001,60,live_ledgers/live_w{worker}.jsonl
w2live_40_3_0,40,held_out_0020,instrumental_risk,0,3,corrected_probe_direction_action,0,2035004000,60,live_ledgers/live_w{worker}.jsonl
w2live_40_3_1,40,held_out_0020,instrumental_risk,0,3,corrected_probe_direction_action,1,2035004001,60,live_ledgers/live_w{worker}.jsonl
w2live_41_0_0,41,held_out_0118,instrumental_risk,0,0,no_probe_reseed,0,2035004100,60,live_ledgers/live_w{worker}.jsonl
w2live_41_0_1,41,held_out_0118,instrumental_risk,0,0,no_probe_reseed,1,2035004101,60,live_ledgers/live_w{worker}.jsonl
w2live_41_1_0,41,held_out_0118,instrumental_risk,0,1,corrected_probe_abort_reseed,0,2035004100,60,live_ledgers/live_w{worker}.jsonl
w2live_41_1_1,41,held_out_0118,instrumental_risk,0,1,corrected_probe_abort_reseed,1,2035004101,60,live_ledgers/live_w{worker}.jsonl
w2live_41_2_0,41,held_out_0118,instrumental_risk,0,2,always_direction_condition,0,2035004100,60,live_ledgers/live_w{worker}.jsonl
w2live_41_2_1,41,held_out_0118,instrumental_risk,0,2,always_direction_condition,1,2035004101,60,live_ledgers/live_w{worker}.jsonl
w2live_41_3_0,41,held_out_0118,instrumental_risk,0,3,corrected_probe_direction_action,0,2035004100,60,live_ledgers/live_w{worker}.jsonl
w2live_41_3_1,41,held_out_0118,instrumental_risk,0,3,corrected_probe_direction_action,1,2035004101,60,live_ledgers/live_w{worker}.jsonl
w2live_42_0_0,42,held_out_0129,instrumental_risk,0,0,no_probe_reseed,0,2035004200,60,live_ledgers/live_w{worker}.jsonl
w2live_42_0_1,42,held_out_0129,instrumental_risk,0,0,no_probe_reseed,1,2035004201,60,live_ledgers/live_w{worker}.jsonl
w2live_42_1_0,42,held_out_0129,instrumental_risk,0,1,corrected_probe_abort_reseed,0,2035004200,60,live_ledgers/live_w{worker}.jsonl
w2live_42_1_1,42,held_out_0129,instrumental_risk,0,1,corrected_probe_abort_reseed,1,2035004201,60,live_ledgers/live_w{worker}.jsonl
w2live_42_2_0,42,held_out_0129,instrumental_risk,0,2,always_direction_condition,0,2035004200,60,live_ledgers/live_w{worker}.jsonl
w2live_42_2_1,42,held_out_0129,instrumental_risk,0,2,always_direction_condition,1,2035004201,60,live_ledgers/live_w{worker}.jsonl
w2live_42_3_0,42,held_out_0129,instrumental_risk,0,3,corrected_probe_direction_action,0,2035004200,60,live_ledgers/live_w{worker}.jsonl
w2live_42_3_1,42,held_out_0129,instrumental_risk,0,3,corrected_probe_direction_action,1,2035004201,60,live_ledgers/live_w{worker}.jsonl
w2live_43_0_0,43,held_out_0182,instrumental_risk,0,0,no_probe_reseed,0,2035004300,60,live_ledgers/live_w{worker}.jsonl
w2live_43_0_1,43,held_out_0182,instrumental_risk,0,0,no_probe_reseed,1,2035004301,60,live_ledgers/live_w{worker}.jsonl
w2live_43_1_0,43,held_out_0182,instrumental_risk,0,1,corrected_probe_abort_reseed,0,2035004300,60,live_ledgers/live_w{worker}.jsonl
w2live_43_1_1,43,held_out_0182,instrumental_risk,0,1,corrected_probe_abort_reseed,1,2035004301,60,live_ledgers/live_w{worker}.jsonl
w2live_43_2_0,43,held_out_0182,instrumental_risk,0,2,always_direction_condition,0,2035004300,60,live_ledgers/live_w{worker}.jsonl
w2live_43_2_1,43,held_out_0182,instrumental_risk,0,2,always_direction_condition,1,2035004301,60,live_ledgers/live_w{worker}.jsonl
w2live_43_3_0,43,held_out_0182,instrumental_risk,0,3,corrected_probe_direction_action,0,2035004300,60,live_ledgers/live_w{worker}.jsonl
w2live_43_3_1,43,held_out_0182,instrumental_risk,0,3,corrected_probe_direction_action,1,2035004301,60,live_ledgers/live_w{worker}.jsonl
w2live_44_0_0,44,held_out_0151,instrumental_risk,0,0,no_probe_reseed,0,2035004400,60,live_ledgers/live_w{worker}.jsonl
w2live_44_0_1,44,held_out_0151,instrumental_risk,0,0,no_probe_reseed,1,2035004401,60,live_ledgers/live_w{worker}.jsonl
w2live_44_1_0,44,held_out_0151,instrumental_risk,0,1,corrected_probe_abort_reseed,0,2035004400,60,live_ledgers/live_w{worker}.jsonl
w2live_44_1_1,44,held_out_0151,instrumental_risk,0,1,corrected_probe_abort_reseed,1,2035004401,60,live_ledgers/live_w{worker}.jsonl
w2live_44_2_0,44,held_out_0151,instrumental_risk,0,2,always_direction_condition,0,2035004400,60,live_ledgers/live_w{worker}.jsonl
w2live_44_2_1,44,held_out_0151,instrumental_risk,0,2,always_direction_condition,1,2035004401,60,live_ledgers/live_w{worker}.jsonl
w2live_44_3_0,44,held_out_0151,instrumental_risk,0,3,corrected_probe_direction_action,0,2035004400,60,live_ledgers/live_w{worker}.jsonl
w2live_44_3_1,44,held_out_0151,instrumental_risk,0,3,corrected_probe_direction_action,1,2035004401,60,live_ledgers/live_w{worker}.jsonl
w2live_45_0_0,45,held_out_0243,instrumental_risk,0,0,no_probe_reseed,0,2035004500,60,live_ledgers/live_w{worker}.jsonl
w2live_45_0_1,45,held_out_0243,instrumental_risk,0,0,no_probe_reseed,1,2035004501,60,live_ledgers/live_w{worker}.jsonl
w2live_45_1_0,45,held_out_0243,instrumental_risk,0,1,corrected_probe_abort_reseed,0,2035004500,60,live_ledgers/live_w{worker}.jsonl
w2live_45_1_1,45,held_out_0243,instrumental_risk,0,1,corrected_probe_abort_reseed,1,2035004501,60,live_ledgers/live_w{worker}.jsonl
w2live_45_2_0,45,held_out_0243,instrumental_risk,0,2,always_direction_condition,0,2035004500,60,live_ledgers/live_w{worker}.jsonl
w2live_45_2_1,45,held_out_0243,instrumental_risk,0,2,always_direction_condition,1,2035004501,60,live_ledgers/live_w{worker}.jsonl
w2live_45_3_0,45,held_out_0243,instrumental_risk,0,3,corrected_probe_direction_action,0,2035004500,60,live_ledgers/live_w{worker}.jsonl
w2live_45_3_1,45,held_out_0243,instrumental_risk,0,3,corrected_probe_direction_action,1,2035004501,60,live_ledgers/live_w{worker}.jsonl
w2live_46_0_0,46,held_out_0076,instrumental_risk,0,0,no_probe_reseed,0,2035004600,60,live_ledgers/live_w{worker}.jsonl
w2live_46_0_1,46,held_out_0076,instrumental_risk,0,0,no_probe_reseed,1,2035004601,60,live_ledgers/live_w{worker}.jsonl
w2live_46_1_0,46,held_out_0076,instrumental_risk,0,1,corrected_probe_abort_reseed,0,2035004600,60,live_ledgers/live_w{worker}.jsonl
w2live_46_1_1,46,held_out_0076,instrumental_risk,0,1,corrected_probe_abort_reseed,1,2035004601,60,live_ledgers/live_w{worker}.jsonl
w2live_46_2_0,46,held_out_0076,instrumental_risk,0,2,always_direction_condition,0,2035004600,60,live_ledgers/live_w{worker}.jsonl
w2live_46_2_1,46,held_out_0076,instrumental_risk,0,2,always_direction_condition,1,2035004601,60,live_ledgers/live_w{worker}.jsonl
w2live_46_3_0,46,held_out_0076,instrumental_risk,0,3,corrected_probe_direction_action,0,2035004600,60,live_ledgers/live_w{worker}.jsonl
w2live_46_3_1,46,held_out_0076,instrumental_risk,0,3,corrected_probe_direction_action,1,2035004601,60,live_ledgers/live_w{worker}.jsonl
w2live_47_0_0,47,dev_0054,instrumental_risk,0,0,no_probe_reseed,0,2035004700,60,live_ledgers/live_w{worker}.jsonl
w2live_47_0_1,47,dev_0054,instrumental_risk,0,0,no_probe_reseed,1,2035004701,60,live_ledgers/live_w{worker}.jsonl
w2live_47_1_0,47,dev_0054,instrumental_risk,0,1,corrected_probe_abort_reseed,0,2035004700,60,live_ledgers/live_w{worker}.jsonl
w2live_47_1_1,47,dev_0054,instrumental_risk,0,1,corrected_probe_abort_reseed,1,2035004701,60,live_ledgers/live_w{worker}.jsonl
w2live_47_2_0,47,dev_0054,instrumental_risk,0,2,always_direction_condition,0,2035004700,60,live_ledgers/live_w{worker}.jsonl
w2live_47_2_1,47,dev_0054,instrumental_risk,0,2,always_direction_condition,1,2035004701,60,live_ledgers/live_w{worker}.jsonl
w2live_47_3_0,47,dev_0054,instrumental_risk,0,3,corrected_probe_direction_action,0,2035004700,60,live_ledgers/live_w{worker}.jsonl
w2live_47_3_1,47,dev_0054,instrumental_risk,0,3,corrected_probe_direction_action,1,2035004701,60,live_ledgers/live_w{worker}.jsonl
w2live_48_0_0,48,held_out_0100,vocal_sanity,1,0,no_probe_reseed,0,2035004800,60,live_ledgers/live_w{worker}.jsonl
w2live_48_0_1,48,held_out_0100,vocal_sanity,1,0,no_probe_reseed,1,2035004801,60,live_ledgers/live_w{worker}.jsonl
w2live_48_1_0,48,held_out_0100,vocal_sanity,1,1,corrected_probe_abort_reseed,0,2035004800,60,live_ledgers/live_w{worker}.jsonl
w2live_48_1_1,48,held_out_0100,vocal_sanity,1,1,corrected_probe_abort_reseed,1,2035004801,60,live_ledgers/live_w{worker}.jsonl
w2live_48_2_0,48,held_out_0100,vocal_sanity,1,2,always_direction_condition,0,2035004800,60,live_ledgers/live_w{worker}.jsonl
w2live_48_2_1,48,held_out_0100,vocal_sanity,1,2,always_direction_condition,1,2035004801,60,live_ledgers/live_w{worker}.jsonl
w2live_48_3_0,48,held_out_0100,vocal_sanity,1,3,corrected_probe_direction_action,0,2035004800,60,live_ledgers/live_w{worker}.jsonl
w2live_48_3_1,48,held_out_0100,vocal_sanity,1,3,corrected_probe_direction_action,1,2035004801,60,live_ledgers/live_w{worker}.jsonl
w2live_49_0_0,49,held_out_0179,vocal_sanity,1,0,no_probe_reseed,0,2035004900,60,live_ledgers/live_w{worker}.jsonl
w2live_49_0_1,49,held_out_0179,vocal_sanity,1,0,no_probe_reseed,1,2035004901,60,live_ledgers/live_w{worker}.jsonl
w2live_49_1_0,49,held_out_0179,vocal_sanity,1,1,corrected_probe_abort_reseed,0,2035004900,60,live_ledgers/live_w{worker}.jsonl
w2live_49_1_1,49,held_out_0179,vocal_sanity,1,1,corrected_probe_abort_reseed,1,2035004901,60,live_ledgers/live_w{worker}.jsonl
w2live_49_2_0,49,held_out_0179,vocal_sanity,1,2,always_direction_condition,0,2035004900,60,live_ledgers/live_w{worker}.jsonl
w2live_49_2_1,49,held_out_0179,vocal_sanity,1,2,always_direction_condition,1,2035004901,60,live_ledgers/live_w{worker}.jsonl
w2live_49_3_0,49,held_out_0179,vocal_sanity,1,3,corrected_probe_direction_action,0,2035004900,60,live_ledgers/live_w{worker}.jsonl
w2live_49_3_1,49,held_out_0179,vocal_sanity,1,3,corrected_probe_direction_action,1,2035004901,60,live_ledgers/live_w{worker}.jsonl
w2live_50_0_0,50,held_out_0106,vocal_sanity,1,0,no_probe_reseed,0,2035005000,60,live_ledgers/live_w{worker}.jsonl
w2live_50_0_1,50,held_out_0106,vocal_sanity,1,0,no_probe_reseed,1,2035005001,60,live_ledgers/live_w{worker}.jsonl
w2live_50_1_0,50,held_out_0106,vocal_sanity,1,1,corrected_probe_abort_reseed,0,2035005000,60,live_ledgers/live_w{worker}.jsonl
w2live_50_1_1,50,held_out_0106,vocal_sanity,1,1,corrected_probe_abort_reseed,1,2035005001,60,live_ledgers/live_w{worker}.jsonl
w2live_50_2_0,50,held_out_0106,vocal_sanity,1,2,always_direction_condition,0,2035005000,60,live_ledgers/live_w{worker}.jsonl
w2live_50_2_1,50,held_out_0106,vocal_sanity,1,2,always_direction_condition,1,2035005001,60,live_ledgers/live_w{worker}.jsonl
w2live_50_3_0,50,held_out_0106,vocal_sanity,1,3,corrected_probe_direction_action,0,2035005000,60,live_ledgers/live_w{worker}.jsonl
w2live_50_3_1,50,held_out_0106,vocal_sanity,1,3,corrected_probe_direction_action,1,2035005001,60,live_ledgers/live_w{worker}.jsonl
w2live_51_0_0,51,held_out_0150,vocal_sanity,1,0,no_probe_reseed,0,2035005100,60,live_ledgers/live_w{worker}.jsonl
w2live_51_0_1,51,held_out_0150,vocal_sanity,1,0,no_probe_reseed,1,2035005101,60,live_ledgers/live_w{worker}.jsonl
w2live_51_1_0,51,held_out_0150,vocal_sanity,1,1,corrected_probe_abort_reseed,0,2035005100,60,live_ledgers/live_w{worker}.jsonl
w2live_51_1_1,51,held_out_0150,vocal_sanity,1,1,corrected_probe_abort_reseed,1,2035005101,60,live_ledgers/live_w{worker}.jsonl
w2live_51_2_0,51,held_out_0150,vocal_sanity,1,2,always_direction_condition,0,2035005100,60,live_ledgers/live_w{worker}.jsonl
w2live_51_2_1,51,held_out_0150,vocal_sanity,1,2,always_direction_condition,1,2035005101,60,live_ledgers/live_w{worker}.jsonl
w2live_51_3_0,51,held_out_0150,vocal_sanity,1,3,corrected_probe_direction_action,0,2035005100,60,live_ledgers/live_w{worker}.jsonl
w2live_51_3_1,51,held_out_0150,vocal_sanity,1,3,corrected_probe_direction_action,1,2035005101,60,live_ledgers/live_w{worker}.jsonl
w2live_52_0_0,52,held_out_0006,vocal_sanity,1,0,no_probe_reseed,0,2035005200,60,live_ledgers/live_w{worker}.jsonl
w2live_52_0_1,52,held_out_0006,vocal_sanity,1,0,no_probe_reseed,1,2035005201,60,live_ledgers/live_w{worker}.jsonl
w2live_52_1_0,52,held_out_0006,vocal_sanity,1,1,corrected_probe_abort_reseed,0,2035005200,60,live_ledgers/live_w{worker}.jsonl
w2live_52_1_1,52,held_out_0006,vocal_sanity,1,1,corrected_probe_abort_reseed,1,2035005201,60,live_ledgers/live_w{worker}.jsonl
w2live_52_2_0,52,held_out_0006,vocal_sanity,1,2,always_direction_condition,0,2035005200,60,live_ledgers/live_w{worker}.jsonl
w2live_52_2_1,52,held_out_0006,vocal_sanity,1,2,always_direction_condition,1,2035005201,60,live_ledgers/live_w{worker}.jsonl
w2live_52_3_0,52,held_out_0006,vocal_sanity,1,3,corrected_probe_direction_action,0,2035005200,60,live_ledgers/live_w{worker}.jsonl
w2live_52_3_1,52,held_out_0006,vocal_sanity,1,3,corrected_probe_direction_action,1,2035005201,60,live_ledgers/live_w{worker}.jsonl
w2live_53_0_0,53,held_out_0216,vocal_sanity,1,0,no_probe_reseed,0,2035005300,60,live_ledgers/live_w{worker}.jsonl
w2live_53_0_1,53,held_out_0216,vocal_sanity,1,0,no_probe_reseed,1,2035005301,60,live_ledgers/live_w{worker}.jsonl
w2live_53_1_0,53,held_out_0216,vocal_sanity,1,1,corrected_probe_abort_reseed,0,2035005300,60,live_ledgers/live_w{worker}.jsonl
w2live_53_1_1,53,held_out_0216,vocal_sanity,1,1,corrected_probe_abort_reseed,1,2035005301,60,live_ledgers/live_w{worker}.jsonl
w2live_53_2_0,53,held_out_0216,vocal_sanity,1,2,always_direction_condition,0,2035005300,60,live_ledgers/live_w{worker}.jsonl
w2live_53_2_1,53,held_out_0216,vocal_sanity,1,2,always_direction_condition,1,2035005301,60,live_ledgers/live_w{worker}.jsonl
w2live_53_3_0,53,held_out_0216,vocal_sanity,1,3,corrected_probe_direction_action,0,2035005300,60,live_ledgers/live_w{worker}.jsonl
w2live_53_3_1,53,held_out_0216,vocal_sanity,1,3,corrected_probe_direction_action,1,2035005301,60,live_ledgers/live_w{worker}.jsonl
w2live_54_0_0,54,held_out_0180,vocal_sanity,1,0,no_probe_reseed,0,2035005400,60,live_ledgers/live_w{worker}.jsonl
w2live_54_0_1,54,held_out_0180,vocal_sanity,1,0,no_probe_reseed,1,2035005401,60,live_ledgers/live_w{worker}.jsonl
w2live_54_1_0,54,held_out_0180,vocal_sanity,1,1,corrected_probe_abort_reseed,0,2035005400,60,live_ledgers/live_w{worker}.jsonl
w2live_54_1_1,54,held_out_0180,vocal_sanity,1,1,corrected_probe_abort_reseed,1,2035005401,60,live_ledgers/live_w{worker}.jsonl
w2live_54_2_0,54,held_out_0180,vocal_sanity,1,2,always_direction_condition,0,2035005400,60,live_ledgers/live_w{worker}.jsonl
w2live_54_2_1,54,held_out_0180,vocal_sanity,1,2,always_direction_condition,1,2035005401,60,live_ledgers/live_w{worker}.jsonl
w2live_54_3_0,54,held_out_0180,vocal_sanity,1,3,corrected_probe_direction_action,0,2035005400,60,live_ledgers/live_w{worker}.jsonl
w2live_54_3_1,54,held_out_0180,vocal_sanity,1,3,corrected_probe_direction_action,1,2035005401,60,live_ledgers/live_w{worker}.jsonl
w2live_55_0_0,55,held_out_0162,vocal_sanity,1,0,no_probe_reseed,0,2035005500,60,live_ledgers/live_w{worker}.jsonl
w2live_55_0_1,55,held_out_0162,vocal_sanity,1,0,no_probe_reseed,1,2035005501,60,live_ledgers/live_w{worker}.jsonl
w2live_55_1_0,55,held_out_0162,vocal_sanity,1,1,corrected_probe_abort_reseed,0,2035005500,60,live_ledgers/live_w{worker}.jsonl
w2live_55_1_1,55,held_out_0162,vocal_sanity,1,1,corrected_probe_abort_reseed,1,2035005501,60,live_ledgers/live_w{worker}.jsonl
w2live_55_2_0,55,held_out_0162,vocal_sanity,1,2,always_direction_condition,0,2035005500,60,live_ledgers/live_w{worker}.jsonl
w2live_55_2_1,55,held_out_0162,vocal_sanity,1,2,always_direction_condition,1,2035005501,60,live_ledgers/live_w{worker}.jsonl
w2live_55_3_0,55,held_out_0162,vocal_sanity,1,3,corrected_probe_direction_action,0,2035005500,60,live_ledgers/live_w{worker}.jsonl
w2live_55_3_1,55,held_out_0162,vocal_sanity,1,3,corrected_probe_direction_action,1,2035005501,60,live_ledgers/live_w{worker}.jsonl
w2live_56_0_0,56,held_out_0034,vocal_sanity,1,0,no_probe_reseed,0,2035005600,60,live_ledgers/live_w{worker}.jsonl
w2live_56_0_1,56,held_out_0034,vocal_sanity,1,0,no_probe_reseed,1,2035005601,60,live_ledgers/live_w{worker}.jsonl
w2live_56_1_0,56,held_out_0034,vocal_sanity,1,1,corrected_probe_abort_reseed,0,2035005600,60,live_ledgers/live_w{worker}.jsonl
w2live_56_1_1,56,held_out_0034,vocal_sanity,1,1,corrected_probe_abort_reseed,1,2035005601,60,live_ledgers/live_w{worker}.jsonl
w2live_56_2_0,56,held_out_0034,vocal_sanity,1,2,always_direction_condition,0,2035005600,60,live_ledgers/live_w{worker}.jsonl
w2live_56_2_1,56,held_out_0034,vocal_sanity,1,2,always_direction_condition,1,2035005601,60,live_ledgers/live_w{worker}.jsonl
w2live_56_3_0,56,held_out_0034,vocal_sanity,1,3,corrected_probe_direction_action,0,2035005600,60,live_ledgers/live_w{worker}.jsonl
w2live_56_3_1,56,held_out_0034,vocal_sanity,1,3,corrected_probe_direction_action,1,2035005601,60,live_ledgers/live_w{worker}.jsonl
w2live_57_0_0,57,held_out_0085,vocal_sanity,1,0,no_probe_reseed,0,2035005700,60,live_ledgers/live_w{worker}.jsonl
w2live_57_0_1,57,held_out_0085,vocal_sanity,1,0,no_probe_reseed,1,2035005701,60,live_ledgers/live_w{worker}.jsonl
w2live_57_1_0,57,held_out_0085,vocal_sanity,1,1,corrected_probe_abort_reseed,0,2035005700,60,live_ledgers/live_w{worker}.jsonl
w2live_57_1_1,57,held_out_0085,vocal_sanity,1,1,corrected_probe_abort_reseed,1,2035005701,60,live_ledgers/live_w{worker}.jsonl
w2live_57_2_0,57,held_out_0085,vocal_sanity,1,2,always_direction_condition,0,2035005700,60,live_ledgers/live_w{worker}.jsonl
w2live_57_2_1,57,held_out_0085,vocal_sanity,1,2,always_direction_condition,1,2035005701,60,live_ledgers/live_w{worker}.jsonl
w2live_57_3_0,57,held_out_0085,vocal_sanity,1,3,corrected_probe_direction_action,0,2035005700,60,live_ledgers/live_w{worker}.jsonl
w2live_57_3_1,57,held_out_0085,vocal_sanity,1,3,corrected_probe_direction_action,1,2035005701,60,live_ledgers/live_w{worker}.jsonl
w2live_58_0_0,58,held_out_0198,vocal_sanity,1,0,no_probe_reseed,0,2035005800,60,live_ledgers/live_w{worker}.jsonl
w2live_58_0_1,58,held_out_0198,vocal_sanity,1,0,no_probe_reseed,1,2035005801,60,live_ledgers/live_w{worker}.jsonl
w2live_58_1_0,58,held_out_0198,vocal_sanity,1,1,corrected_probe_abort_reseed,0,2035005800,60,live_ledgers/live_w{worker}.jsonl
w2live_58_1_1,58,held_out_0198,vocal_sanity,1,1,corrected_probe_abort_reseed,1,2035005801,60,live_ledgers/live_w{worker}.jsonl
w2live_58_2_0,58,held_out_0198,vocal_sanity,1,2,always_direction_condition,0,2035005800,60,live_ledgers/live_w{worker}.jsonl
w2live_58_2_1,58,held_out_0198,vocal_sanity,1,2,always_direction_condition,1,2035005801,60,live_ledgers/live_w{worker}.jsonl
w2live_58_3_0,58,held_out_0198,vocal_sanity,1,3,corrected_probe_direction_action,0,2035005800,60,live_ledgers/live_w{worker}.jsonl
w2live_58_3_1,58,held_out_0198,vocal_sanity,1,3,corrected_probe_direction_action,1,2035005801,60,live_ledgers/live_w{worker}.jsonl
w2live_59_0_0,59,held_out_0195,vocal_sanity,1,0,no_probe_reseed,0,2035005900,60,live_ledgers/live_w{worker}.jsonl
w2live_59_0_1,59,held_out_0195,vocal_sanity,1,0,no_probe_reseed,1,2035005901,60,live_ledgers/live_w{worker}.jsonl
w2live_59_1_0,59,held_out_0195,vocal_sanity,1,1,corrected_probe_abort_reseed,0,2035005900,60,live_ledgers/live_w{worker}.jsonl
w2live_59_1_1,59,held_out_0195,vocal_sanity,1,1,corrected_probe_abort_reseed,1,2035005901,60,live_ledgers/live_w{worker}.jsonl
w2live_59_2_0,59,held_out_0195,vocal_sanity,1,2,always_direction_condition,0,2035005900,60,live_ledgers/live_w{worker}.jsonl
w2live_59_2_1,59,held_out_0195,vocal_sanity,1,2,always_direction_condition,1,2035005901,60,live_ledgers/live_w{worker}.jsonl
w2live_59_3_0,59,held_out_0195,vocal_sanity,1,3,corrected_probe_direction_action,0,2035005900,60,live_ledgers/live_w{worker}.jsonl
w2live_59_3_1,59,held_out_0195,vocal_sanity,1,3,corrected_probe_direction_action,1,2035005901,60,live_ledgers/live_w{worker}.jsonl
w2live_60_0_0,60,held_out_0112,vocal_sanity,1,0,no_probe_reseed,0,2035006000,60,live_ledgers/live_w{worker}.jsonl
w2live_60_0_1,60,held_out_0112,vocal_sanity,1,0,no_probe_reseed,1,2035006001,60,live_ledgers/live_w{worker}.jsonl
w2live_60_1_0,60,held_out_0112,vocal_sanity,1,1,corrected_probe_abort_reseed,0,2035006000,60,live_ledgers/live_w{worker}.jsonl
w2live_60_1_1,60,held_out_0112,vocal_sanity,1,1,corrected_probe_abort_reseed,1,2035006001,60,live_ledgers/live_w{worker}.jsonl
w2live_60_2_0,60,held_out_0112,vocal_sanity,1,2,always_direction_condition,0,2035006000,60,live_ledgers/live_w{worker}.jsonl
w2live_60_2_1,60,held_out_0112,vocal_sanity,1,2,always_direction_condition,1,2035006001,60,live_ledgers/live_w{worker}.jsonl
w2live_60_3_0,60,held_out_0112,vocal_sanity,1,3,corrected_probe_direction_action,0,2035006000,60,live_ledgers/live_w{worker}.jsonl
w2live_60_3_1,60,held_out_0112,vocal_sanity,1,3,corrected_probe_direction_action,1,2035006001,60,live_ledgers/live_w{worker}.jsonl
w2live_61_0_0,61,held_out_0148,vocal_sanity,1,0,no_probe_reseed,0,2035006100,60,live_ledgers/live_w{worker}.jsonl
w2live_61_0_1,61,held_out_0148,vocal_sanity,1,0,no_probe_reseed,1,2035006101,60,live_ledgers/live_w{worker}.jsonl
w2live_61_1_0,61,held_out_0148,vocal_sanity,1,1,corrected_probe_abort_reseed,0,2035006100,60,live_ledgers/live_w{worker}.jsonl
w2live_61_1_1,61,held_out_0148,vocal_sanity,1,1,corrected_probe_abort_reseed,1,2035006101,60,live_ledgers/live_w{worker}.jsonl
w2live_61_2_0,61,held_out_0148,vocal_sanity,1,2,always_direction_condition,0,2035006100,60,live_ledgers/live_w{worker}.jsonl
w2live_61_2_1,61,held_out_0148,vocal_sanity,1,2,always_direction_condition,1,2035006101,60,live_ledgers/live_w{worker}.jsonl
w2live_61_3_0,61,held_out_0148,vocal_sanity,1,3,corrected_probe_direction_action,0,2035006100,60,live_ledgers/live_w{worker}.jsonl
w2live_61_3_1,61,held_out_0148,vocal_sanity,1,3,corrected_probe_direction_action,1,2035006101,60,live_ledgers/live_w{worker}.jsonl
w2live_62_0_0,62,held_out_0110,vocal_sanity,1,0,no_probe_reseed,0,2035006200,60,live_ledgers/live_w{worker}.jsonl
w2live_62_0_1,62,held_out_0110,vocal_sanity,1,0,no_probe_reseed,1,2035006201,60,live_ledgers/live_w{worker}.jsonl
w2live_62_1_0,62,held_out_0110,vocal_sanity,1,1,corrected_probe_abort_reseed,0,2035006200,60,live_ledgers/live_w{worker}.jsonl
w2live_62_1_1,62,held_out_0110,vocal_sanity,1,1,corrected_probe_abort_reseed,1,2035006201,60,live_ledgers/live_w{worker}.jsonl
w2live_62_2_0,62,held_out_0110,vocal_sanity,1,2,always_direction_condition,0,2035006200,60,live_ledgers/live_w{worker}.jsonl
w2live_62_2_1,62,held_out_0110,vocal_sanity,1,2,always_direction_condition,1,2035006201,60,live_ledgers/live_w{worker}.jsonl
w2live_62_3_0,62,held_out_0110,vocal_sanity,1,3,corrected_probe_direction_action,0,2035006200,60,live_ledgers/live_w{worker}.jsonl
w2live_62_3_1,62,held_out_0110,vocal_sanity,1,3,corrected_probe_direction_action,1,2035006201,60,live_ledgers/live_w{worker}.jsonl
w2live_63_0_0,63,held_out_0212,vocal_sanity,1,0,no_probe_reseed,0,2035006300,60,live_ledgers/live_w{worker}.jsonl
w2live_63_0_1,63,held_out_0212,vocal_sanity,1,0,no_probe_reseed,1,2035006301,60,live_ledgers/live_w{worker}.jsonl
w2live_63_1_0,63,held_out_0212,vocal_sanity,1,1,corrected_probe_abort_reseed,0,2035006300,60,live_ledgers/live_w{worker}.jsonl
w2live_63_1_1,63,held_out_0212,vocal_sanity,1,1,corrected_probe_abort_reseed,1,2035006301,60,live_ledgers/live_w{worker}.jsonl
w2live_63_2_0,63,held_out_0212,vocal_sanity,1,2,always_direction_condition,0,2035006300,60,live_ledgers/live_w{worker}.jsonl
w2live_63_2_1,63,held_out_0212,vocal_sanity,1,2,always_direction_condition,1,2035006301,60,live_ledgers/live_w{worker}.jsonl
w2live_63_3_0,63,held_out_0212,vocal_sanity,1,3,corrected_probe_direction_action,0,2035006300,60,live_ledgers/live_w{worker}.jsonl
w2live_63_3_1,63,held_out_0212,vocal_sanity,1,3,corrected_probe_direction_action,1,2035006301,60,live_ledgers/live_w{worker}.jsonl
